Study level 1	Study level 2	Name	Image	LayerData	Label01.ROI1	Label01.ROI10	Label01.ROI2	Label01.ROI3	Label01.ROI4	Label01.ROI5	Label01.ROI6	Label01.ROI7	Label01.ROI8	Label01.ROI9	Label02.ROI1	Label02.ROI10	Label02.ROI2	Label02.ROI3	Label02.ROI4	Label02.ROI5	Label02.ROI6	Label02.ROI7	Label02.ROI8	Label02.ROI9	Label03.ROI1	Label03.ROI10	Label03.ROI2	Label03.ROI3	Label03.ROI4	Label03.ROI5	Label03.ROI6	Label03.ROI7	Label03.ROI8	Label03.ROI9	Label04.ROI1	Label04.ROI10	Label04.ROI2	Label04.ROI3	Label04.ROI4	Label04.ROI5	Label04.ROI6	Label04.ROI7(	Label04.ROI8	Label04.ROI9	Label05.ROI1	Label05.ROI10	Label05.ROI2	Label05.ROI3	Label05.ROI4	Label05.ROI5	Label05.ROI6	Label05.ROI7	Label05.ROI8	Label05.ROI9	Label06.ROI1	Label06.ROI10	Label06.ROI2	Label06.ROI3	Label06.ROI4	Label06.ROI5	Label06.ROI6	Label06.ROI7	Label06.ROI8	Label06.ROI9	Label07.ROI1	Label07.ROI10	Label07.ROI2	Label07.ROI3	Label07.ROI4	Label07.ROI5	Label07.ROI6	Label07.ROI7	Label07.ROI8	Label07.ROI9	Label08.ROI1	Label08.ROI10	Label08.ROI2	Label08.ROI3	Label08.ROI4	Label08.ROI5	Label08.ROI6	Label08.ROI7	Label08.ROI8	Label08.ROI9	Label09.ROI1	Label09.ROI10	Label09.ROI2	Label09.ROI3	Label09.ROI4	Label09.ROI5	Label09.ROI6	Label09.ROI7	Label09.ROI8	Label09.ROI9	Label10.ROI1	Label10.ROI10	Label10.ROI2	Label10.ROI3	Label10.ROI4	Label10.ROI5	Label10.ROI6	Label10.ROI7	Label10.ROI8	Label10.ROI9
Sarah	F1 test files	23IN0039 025 Ear C F 24Feb23 HE NA 25	\\amer.pfizer.com\pfizerfiles\Research\GRO\dsrd-ipl\Replication\Global Pathology\Projects\Summer intern 2024 - datasets\23IN0039 - skin ear\AT2\23IN0039 025 Ear C F 24Feb23 HE NA 25.svs	\\AMRGROBj0LCW97\Visiopharm\VIS_Database_East\d33\e33222\ses1942_524128_Result.mld	1170203.2006541993	0	0	607.58015959999966	69560.555962639977	3558.7927423599981	313.95878539999984	0	0	0	0	0	0	0	0	0	0	0	0	0	29.997681519999983	0	0	236369.78214851994	21670.020068879985	12945.270664079995	1171.1806674799993	0	0	0	37256.866230199987	0	0	5708.9655414799981	1665429.8405150792	13036.280579199993	6474.160637879997	0	0	0	0	0	0	208.45846479999992	11792.647884319995	81245.669785239952	54.148357319999981	0	0	0	0	0	0	2406.1699625999991	39548.384037159987	5813.1947738799981	557508.94479031977	0	0	0	0	0	0	0	0	0	0	0	0	0	0	0	0	0	0	0	0	0	0	0	0	0	0	0	0	0	0	0	0	0	0	0	0	0	0	0	0	0	0	0
